{"max_rougeL": 0.5930232558139534, "mean_rougeL": 0.1620849489858316, "rougeL_ci_lo": 0.14276487758581186, "rougeL_ci_hi": 0.1831440150862994, "max_rougeL_recall": 0.5204081632653061, "mean_rougeL_recall": 0.1370915570820761, "rougeL_recall_ci_lo": 0.11873902998297534, "rougeL_recall_ci_hi": 0.15737737241153696, "max_rouge1": 0.6162790697674418, "mean_rouge1": 0.20630705354518544, "rouge1_ci_lo": 0.18206919801660099, "rouge1_ci_hi": 0.2318085374375916, "max_rouge1_recall": 0.5842696629213483, "mean_rouge1_recall": 0.17544465195603481, "rouge1_recall_ci_lo": 0.1522519704261251, "rouge1_recall_ci_hi": 0.19959194863311458}