{"max_rougeL": 0.8229166666666666, "mean_rougeL": 0.22085772480921034, "rougeL_ci_lo": 0.20378056702347172, "rougeL_ci_hi": 0.24087192235281404, "max_rougeL_recall": 0.8061224489795918, "mean_rougeL_recall": 0.22143960809170926, "rougeL_recall_ci_lo": 0.2042741746606909, "rougeL_recall_ci_hi": 0.2417174303360698, "max_rouge1": 0.8229166666666666, "mean_rouge1": 0.33881223282541073, "rouge1_ci_lo": 0.3213897460779387, "rouge1_ci_hi": 0.3580423137229038, "max_rouge1_recall": 0.8061224489795918, "mean_rouge1_recall": 0.34006206877053424, "rouge1_recall_ci_lo": 0.3220710765146096, "rouge1_recall_ci_hi": 0.35985409227559007}