{"max_rougeL": 1.0, "mean_rougeL": 0.17459676434676435, "rougeL_ci_lo": 0.11506981074481076, "rougeL_ci_hi": 0.23702115384615371, "max_rougeL_recall": 1.0, "mean_rougeL_recall": 0.19083333333333333, "rougeL_recall_ci_lo": 0.12666666666666668, "rougeL_recall_ci_hi": 0.2558333333333333, "max_rouge1": 1.0, "mean_rouge1": 0.17459676434676435, "rouge1_ci_lo": 0.11654305555555557, "rouge1_ci_hi": 0.23995231990231985, "max_rouge1_recall": 1.0, "mean_rouge1_recall": 0.19083333333333333, "rouge1_recall_ci_lo": 0.12912500000000016, "rouge1_recall_ci_hi": 0.2575}