{"max_rougeL": 1.0, "mean_rougeL": 0.4286104116826624, "rougeL_ci_lo": 0.37398149072439363, "rougeL_ci_hi": 0.4830426145465786, "max_rougeL_recall": 1.0, "mean_rougeL_recall": 0.5052345987345989, "rougeL_recall_ci_lo": 0.44023049728049735, "rougeL_recall_ci_hi": 0.57013701021201, "max_rouge1": 1.0, "mean_rouge1": 0.4344694219534373, "rouge1_ci_lo": 0.37992272027489415, "rouge1_ci_hi": 0.48848337671138187, "max_rouge1_recall": 1.0, "mean_rouge1_recall": 0.5135203130203131, "rouge1_recall_ci_lo": 0.4482131923631924, "rouge1_recall_ci_hi": 0.5790968614718615}