{"max_rougeL": 0.8205128205128205, "mean_rougeL": 0.3026040226530436, "rougeL_ci_lo": 0.2752010137965575, "rougeL_ci_hi": 0.3312516182146243, "max_rougeL_recall": 0.8163265306122449, "mean_rougeL_recall": 0.3059959950062046, "rougeL_recall_ci_lo": 0.27803207609466973, "rougeL_recall_ci_hi": 0.33604582935049354, "max_rouge1": 0.8307692307692307, "mean_rouge1": 0.40871589894022187, "rouge1_ci_lo": 0.3843107436758869, "rouge1_ci_hi": 0.4350831422289615, "max_rouge1_recall": 0.8539325842696629, "mean_rouge1_recall": 0.4133529160430729, "rouge1_recall_ci_lo": 0.3885570718637509, "rouge1_recall_ci_hi": 0.43960324756211305}