{"max_rougeL": 1.0, "mean_rougeL": 0.25845154589982156, "rougeL_ci_lo": 0.20416317733990147, "rougeL_ci_hi": 0.3150548324281083, "max_rougeL_recall": 1.0, "mean_rougeL_recall": 0.30695188145188135, "rougeL_recall_ci_lo": 0.23751182151182154, "rougeL_recall_ci_hi": 0.378510483960484, "max_rouge1": 1.0, "mean_rouge1": 0.2606796626106969, "rouge1_ci_lo": 0.2057619721274894, "rouge1_ci_hi": 0.3203063327158154, "max_rouge1_recall": 1.0, "mean_rouge1_recall": 0.30961854811854805, "rouge1_recall_ci_lo": 0.24027558830058832, "rouge1_recall_ci_hi": 0.3828358585858586}