{"max_rougeL": 1.0, "mean_rougeL": 0.39021594926102593, "rougeL_ci_lo": 0.33471138190099187, "rougeL_ci_hi": 0.4470633173394522, "max_rougeL_recall": 1.0, "mean_rougeL_recall": 0.4480673215673216, "rougeL_recall_ci_lo": 0.38238245643245644, "rougeL_recall_ci_hi": 0.5180903679653678, "max_rouge1": 1.0, "mean_rouge1": 0.3951919898444833, "rouge1_ci_lo": 0.33832875728101114, "rouge1_ci_hi": 0.4513401387331055, "max_rouge1_recall": 1.0, "mean_rouge1_recall": 0.453487345987346, "rouge1_recall_ci_lo": 0.3883396298146298, "rouge1_recall_ci_hi": 0.5201153846153846}