{"max_rougeL": 1.0, "mean_rougeL": 0.24256479468244158, "rougeL_ci_lo": 0.19075254549372198, "rougeL_ci_hi": 0.2962909753645047, "max_rougeL_recall": 1.0, "mean_rougeL_recall": 0.2663444976076554, "rougeL_recall_ci_lo": 0.20868623642439432, "rougeL_recall_ci_hi": 0.3265491341991342, "max_rouge1": 1.0, "mean_rouge1": 0.24600656533009457, "rouge1_ci_lo": 0.19315466167819106, "rouge1_ci_hi": 0.2996246456158221, "max_rouge1_recall": 1.0, "mean_rouge1_recall": 0.2718683071314649, "rouge1_recall_ci_lo": 0.2138529752411331, "rouge1_recall_ci_hi": 0.33301311232627023}