{"max_rougeL": 0.04597701149425287, "mean_rougeL": 0.004701767188169958, "rougeL_ci_lo": 0.002827691341075235, "rougeL_ci_hi": 0.00681517055940776, "max_rougeL_recall": 0.0273972602739726, "mean_rougeL_recall": 0.00311446719610929, "rougeL_recall_ci_lo": 0.0018508496948030947, "rougeL_recall_ci_hi": 0.0045194041070193945, "max_rouge1": 0.04597701149425287, "mean_rouge1": 0.004701767188169958, "rouge1_ci_lo": 0.0027891516360141525, "rouge1_ci_hi": 0.0068762874962521444, "max_rouge1_recall": 0.0273972602739726, "mean_rouge1_recall": 0.00311446719610929, "rouge1_recall_ci_lo": 0.001845080563625136, "rouge1_recall_ci_hi": 0.004526558399885413}