{"max_rougeL": 1.0, "mean_rougeL": 0.19870100161276633, "rougeL_ci_lo": 0.14164036796536797, "rougeL_ci_hi": 0.2594929123164416, "max_rougeL_recall": 1.0, "mean_rougeL_recall": 0.2060833333333333, "rougeL_recall_ci_lo": 0.14616666666666667, "rougeL_recall_ci_hi": 0.2687624999999998, "max_rouge1": 1.0, "mean_rouge1": 0.19870100161276633, "rouge1_ci_lo": 0.14203526440879383, "rouge1_ci_hi": 0.2593356994312876, "max_rouge1_recall": 1.0, "mean_rouge1_recall": 0.2060833333333333, "rouge1_recall_ci_lo": 0.1454916666666667, "rouge1_recall_ci_hi": 0.2678458333333331}