{"max_rougeL": 0.8205128205128205, "mean_rougeL": 0.31397498300394255, "rougeL_ci_lo": 0.2866639146073962, "rougeL_ci_hi": 0.3430325812320748, "max_rougeL_recall": 0.8163265306122449, "mean_rougeL_recall": 0.3167270457610081, "rougeL_recall_ci_lo": 0.2894114619653365, "rougeL_recall_ci_hi": 0.3448300334069772, "max_rouge1": 0.8478260869565217, "mean_rouge1": 0.41656006922911765, "rouge1_ci_lo": 0.3913076821076456, "rouge1_ci_hi": 0.4437961112592814, "max_rouge1_recall": 0.8764044943820225, "mean_rouge1_recall": 0.4203759446420092, "rouge1_recall_ci_lo": 0.3958824044646501, "rouge1_recall_ci_hi": 0.446158422231831}