{"max_rougeL": 1.0, "mean_rougeL": 0.43975319125319134, "rougeL_ci_lo": 0.3716083222333223, "rougeL_ci_hi": 0.50828272005772, "max_rougeL_recall": 1.0, "mean_rougeL_recall": 0.47909523809523824, "rougeL_recall_ci_lo": 0.40310714285714294, "rougeL_recall_ci_hi": 0.5563833333333332, "max_rouge1": 1.0, "mean_rouge1": 0.43975319125319134, "rouge1_ci_lo": 0.372066403041403, "rouge1_ci_hi": 0.5073803668553668, "max_rouge1_recall": 1.0, "mean_rouge1_recall": 0.47909523809523824, "rouge1_recall_ci_lo": 0.4013083333333333, "rouge1_recall_ci_hi": 0.5552916666666665}