{"max_rougeL": 0.02, "mean_rougeL": 0.0002, "rougeL_ci_lo": 0.0, "rougeL_ci_hi": 0.0006, "max_rougeL_recall": 0.010101010101010102, "mean_rougeL_recall": 0.00010101010101010102, "rougeL_recall_ci_lo": 0.0, "rougeL_recall_ci_hi": 0.00030303030303030303, "max_rouge1": 0.02, "mean_rouge1": 0.0002, "rouge1_ci_lo": 0.0, "rouge1_ci_hi": 0.0006, "max_rouge1_recall": 0.010101010101010102, "mean_rouge1_recall": 0.00010101010101010102, "rouge1_recall_ci_lo": 0.0, "rouge1_recall_ci_hi": 0.00030303030303030303}