{"max_rougeL": 1.0, "mean_rougeL": 0.2479539072039071, "rougeL_ci_lo": 0.18168766788766788, "rougeL_ci_hi": 0.31915976800976803, "max_rougeL_recall": 1.0, "mean_rougeL_recall": 0.2801190476190476, "rougeL_recall_ci_lo": 0.2085654761904762, "rougeL_recall_ci_hi": 0.355, "max_rouge1": 1.0, "mean_rouge1": 0.249858669108669, "rouge1_ci_lo": 0.1838320512820513, "rouge1_ci_hi": 0.3199716422466422, "max_rouge1_recall": 1.0, "mean_rouge1_recall": 0.2829761904761905, "rouge1_recall_ci_lo": 0.21083333333333332, "rouge1_recall_ci_hi": 0.35595238095238085}