{"forget_forget_PPL": 0.5, "forget_forget_PPL/lower": 0.5, "forget_forget_PPL/zlib": 0.5, "forget_forget_Min-5%": 0.5, "forget_forget_Min-10%": 0.5, "forget_forget_Min-20%": 0.5, "forget_forget_Min-30%": 0.5, "forget_forget_Min-40%": 0.5, "forget_forget_Min-50%": 0.5, "forget_forget_Min-60%": 0.5, "forget_retain_PPL": 0.5057, "forget_retain_PPL/lower": 0.509, "forget_retain_PPL/zlib": 0.5085, "forget_retain_Min-5%": 0.456, "forget_retain_Min-10%": 0.4713, "forget_retain_Min-20%": 0.493, "forget_retain_Min-30%": 0.5015000000000001, "forget_retain_Min-40%": 0.5046, "forget_retain_Min-50%": 0.5053, "forget_retain_Min-60%": 0.5053000000000001, "forget_holdout_PPL": 0.0062000000000000015, "forget_holdout_PPL/lower": 0.009500000000000005, "forget_holdout_PPL/zlib": 0.00030000000000000024, "forget_holdout_Min-5%": 0.006900000000000006, "forget_holdout_Min-10%": 0.006000000000000005, "forget_holdout_Min-20%": 0.005300000000000004, "forget_holdout_Min-30%": 0.0047000000000000045, "forget_holdout_Min-40%": 0.004300000000000004, "forget_holdout_Min-50%": 0.005400000000000002, "forget_holdout_Min-60%": 0.005700000000000002, "retain_forget_PPL": 0.49429999999999996, "retain_forget_PPL/lower": 0.491, "retain_forget_PPL/zlib": 0.49150000000000005, "retain_forget_Min-5%": 0.5439999999999999, "retain_forget_Min-10%": 0.5287, "retain_forget_Min-20%": 0.507, "retain_forget_Min-30%": 0.49850000000000005, "retain_forget_Min-40%": 0.4954, "retain_forget_Min-50%": 0.4947, "retain_forget_Min-60%": 0.49470000000000003, "retain_retain_PPL": 0.5, "retain_retain_PPL/lower": 0.5, "retain_retain_PPL/zlib": 0.5, "retain_retain_Min-5%": 0.5, "retain_retain_Min-10%": 0.5, "retain_retain_Min-20%": 0.5, "retain_retain_Min-30%": 0.5, "retain_retain_Min-40%": 0.5, "retain_retain_Min-50%": 0.5, "retain_retain_Min-60%": 0.5, "retain_holdout_PPL": 0.016200000000000003, "retain_holdout_PPL/lower": 0.02370000000000001, "retain_holdout_PPL/zlib": 0.007300000000000005, "retain_holdout_Min-5%": 0.015300000000000005, "retain_holdout_Min-10%": 0.012500000000000004, "retain_holdout_Min-20%": 0.011099999999999999, "retain_holdout_Min-30%": 0.0115, "retain_holdout_Min-40%": 0.0133, "retain_holdout_Min-50%": 0.015, "retain_holdout_Min-60%": 0.0155, "holdout_forget_PPL": 0.9938, "holdout_forget_PPL/lower": 0.9904999999999999, "holdout_forget_PPL/zlib": 0.9997, "holdout_forget_Min-5%": 0.9931000000000001, "holdout_forget_Min-10%": 0.994, "holdout_forget_Min-20%": 0.9946999999999999, "holdout_forget_Min-30%": 0.9953, "holdout_forget_Min-40%": 0.9957, "holdout_forget_Min-50%": 0.9945999999999999, "holdout_forget_Min-60%": 0.9943, "holdout_retain_PPL": 0.9838, "holdout_retain_PPL/lower": 0.9763, "holdout_retain_PPL/zlib": 0.9926999999999999, "holdout_retain_Min-5%": 0.9847, "holdout_retain_Min-10%": 0.9875, "holdout_retain_Min-20%": 0.9889, "holdout_retain_Min-30%": 0.9884999999999999, "holdout_retain_Min-40%": 0.9867, "holdout_retain_Min-50%": 0.985, "holdout_retain_Min-60%": 0.9844999999999999, "holdout_holdout_PPL": 0.5, "holdout_holdout_PPL/lower": 0.5, "holdout_holdout_PPL/zlib": 0.5, "holdout_holdout_Min-5%": 0.5, "holdout_holdout_Min-10%": 0.5, "holdout_holdout_Min-20%": 0.5, "holdout_holdout_Min-30%": 0.5, "holdout_holdout_Min-40%": 0.5, "holdout_holdout_Min-50%": 0.5, "holdout_holdout_Min-60%": 0.5}