{"max_rougeL": 1.0, "mean_rougeL": 0.5188894406247345, "rougeL_ci_lo": 0.45236163526016465, "rougeL_ci_hi": 0.5848335603938545, "max_rougeL_recall": 1.0, "mean_rougeL_recall": 0.5747380952380954, "rougeL_recall_ci_lo": 0.5012273809523811, "rougeL_recall_ci_hi": 0.6475988095238094, "max_rouge1": 1.0, "mean_rouge1": 0.5201394406247346, "rouge1_ci_lo": 0.4526520117137765, "rouge1_ci_hi": 0.5876607790085729, "max_rouge1_recall": 1.0, "mean_rouge1_recall": 0.5764047619047621, "rouge1_recall_ci_lo": 0.5019035714285713, "rouge1_recall_ci_hi": 0.6489547619047619}