{"max_rougeL": 0.9940828402366864, "mean_rougeL": 0.39485078693052494, "rougeL_ci_lo": 0.3551416492268332, "rougeL_ci_hi": 0.437392563417106, "max_rougeL_recall": 1.0, "mean_rougeL_recall": 0.39916834724238265, "rougeL_recall_ci_lo": 0.3594276057987609, "rougeL_recall_ci_hi": 0.44123182767562075, "max_rouge1": 0.9940828402366864, "mean_rouge1": 0.48075777952449983, "rouge1_ci_lo": 0.44629130104497644, "rouge1_ci_hi": 0.5163381334399896, "max_rouge1_recall": 1.0, "mean_rouge1_recall": 0.4861254357913377, "rouge1_recall_ci_lo": 0.45195431096558875, "rouge1_recall_ci_hi": 0.5220383972044518}