{"max_rougeL": 1.0, "mean_rougeL": 0.24256479468244158, "rougeL_ci_lo": 0.19066967721820666, "rougeL_ci_hi": 0.2959083331700978, "max_rougeL_recall": 1.0, "mean_rougeL_recall": 0.2663444976076554, "rougeL_recall_ci_lo": 0.20798913951545533, "rougeL_recall_ci_hi": 0.325509126984127, "max_rouge1": 1.0, "mean_rouge1": 0.24600656533009457, "rouge1_ci_lo": 0.19261906279994515, "rouge1_ci_hi": 0.30175440801029035, "max_rouge1_recall": 1.0, "mean_rouge1_recall": 0.2718683071314649, "rouge1_recall_ci_lo": 0.21472227538543331, "rouge1_recall_ci_hi": 0.3340999430394167}