{"max_rougeL": 0.8229166666666666, "mean_rougeL": 0.22085772480921034, "rougeL_ci_lo": 0.20403985798475285, "rougeL_ci_hi": 0.24053570890120435, "max_rougeL_recall": 0.8061224489795918, "mean_rougeL_recall": 0.22143960809170926, "rougeL_recall_ci_lo": 0.20456536865716504, "rougeL_recall_ci_hi": 0.24087535521891845, "max_rouge1": 0.8229166666666666, "mean_rouge1": 0.33881223282541073, "rouge1_ci_lo": 0.32088172850676117, "rouge1_ci_hi": 0.3581029270391556, "max_rouge1_recall": 0.8061224489795918, "mean_rouge1_recall": 0.34006206877053424, "rouge1_recall_ci_lo": 0.3216258167429483, "rouge1_recall_ci_hi": 0.3594431895315835}