{"max_rougeL": 0.1592920353982301, "mean_rougeL": 0.01933130460271799, "rougeL_ci_lo": 0.014157338754856077, "rougeL_ci_hi": 0.02514229454103115, "max_rougeL_recall": 0.11688311688311688, "mean_rougeL_recall": 0.01395291035921442, "rougeL_recall_ci_lo": 0.010142255828574117, "rougeL_recall_ci_hi": 0.018251610570184, "max_rouge1": 0.17699115044247787, "mean_rouge1": 0.020467343538411464, "rouge1_ci_lo": 0.014784878603824651, "rouge1_ci_hi": 0.027016096279762283, "max_rouge1_recall": 0.12987012987012986, "mean_rouge1_recall": 0.014778191007512442, "rouge1_recall_ci_lo": 0.010586148834062042, "rouge1_recall_ci_hi": 0.019517888237370305}