{"max_rougeL": 1.0, "mean_rougeL": 0.08340354090354091, "rougeL_ci_lo": 0.04138956043956045, "rougeL_ci_hi": 0.13081584249084244, "max_rougeL_recall": 1.0, "mean_rougeL_recall": 0.09875, "rougeL_recall_ci_lo": 0.05291666666666666, "rougeL_recall_ci_hi": 0.15083333333333332, "max_rouge1": 1.0, "mean_rouge1": 0.08340354090354091, "rouge1_ci_lo": 0.04156286630036632, "rouge1_ci_hi": 0.13186932234432236, "max_rouge1_recall": 1.0, "mean_rouge1_recall": 0.09875, "rouge1_recall_ci_lo": 0.05333333333333334, "rouge1_recall_ci_hi": 0.15083333333333332}