{"max_rougeL": 1.0, "mean_rougeL": 0.40036348675479116, "rougeL_ci_lo": 0.3304288726973509, "rougeL_ci_hi": 0.46990685087858997, "max_rougeL_recall": 1.0, "mean_rougeL_recall": 0.4373809523809525, "rougeL_recall_ci_lo": 0.3624833333333333, "rougeL_recall_ci_hi": 0.5161749999999998, "max_rouge1": 1.0, "mean_rouge1": 0.40036348675479116, "rouge1_ci_lo": 0.32969033550990073, "rouge1_ci_hi": 0.47108442692573116, "max_rouge1_recall": 1.0, "mean_rouge1_recall": 0.4373809523809525, "rouge1_recall_ci_lo": 0.36283333333333334, "rouge1_recall_ci_hi": 0.5126440476190475}