{"max_rougeL": 1.0, "mean_rougeL": 0.1921203784896484, "rougeL_ci_lo": 0.14636051890478885, "rougeL_ci_hi": 0.2411171658986175, "max_rougeL_recall": 1.0, "mean_rougeL_recall": 0.2615612895876054, "rougeL_recall_ci_lo": 0.19841680906812487, "rougeL_recall_ci_hi": 0.32982763157894734, "max_rouge1": 1.0, "mean_rouge1": 0.1921203784896484, "rouge1_ci_lo": 0.1464582978849108, "rouge1_ci_hi": 0.241517354956871, "max_rouge1_recall": 1.0, "mean_rouge1_recall": 0.2615612895876054, "rouge1_recall_ci_lo": 0.19796699134199136, "rouge1_recall_ci_hi": 0.32920912508544076}