{"max_rougeL": 1.0, "mean_rougeL": 0.40817549219601873, "rougeL_ci_lo": 0.3535819562705719, "rougeL_ci_hi": 0.4635169189810835, "max_rougeL_recall": 1.0, "mean_rougeL_recall": 0.4761228771228773, "rougeL_recall_ci_lo": 0.4096388888888889, "rougeL_recall_ci_hi": 0.5444154761904761, "max_rouge1": 1.0, "mean_rouge1": 0.4125910932190366, "rouge1_ci_lo": 0.35606920682109633, "rouge1_ci_hi": 0.4669145933526742, "max_rouge1_recall": 1.0, "mean_rouge1_recall": 0.48105144855144877, "rouge1_recall_ci_lo": 0.4138357503607504, "rouge1_recall_ci_hi": 0.5489408785658786}