{"max_rougeL": 1.0, "mean_rougeL": 0.301884497855086, "rougeL_ci_lo": 0.24253969445587092, "rougeL_ci_hi": 0.36158964662788184, "max_rougeL_recall": 1.0, "mean_rougeL_recall": 0.3388260073260074, "rougeL_recall_ci_lo": 0.26826645299145296, "rougeL_recall_ci_hi": 0.4125556166056167, "max_rouge1": 1.0, "mean_rouge1": 0.3050896260602142, "rouge1_ci_lo": 0.2470853494544671, "rouge1_ci_hi": 0.3655381179278238, "max_rouge1_recall": 1.0, "mean_rouge1_recall": 0.3421593406593407, "rouge1_recall_ci_lo": 0.2734282051282051, "rouge1_recall_ci_hi": 0.41373391330891324}