{"max_rougeL": 1.0, "mean_rougeL": 0.37730042846896433, "rougeL_ci_lo": 0.3019135506460649, "rougeL_ci_hi": 0.45170403897768396, "max_rougeL_recall": 1.0, "mean_rougeL_recall": 0.41871428571428587, "rougeL_recall_ci_lo": 0.3398333333333333, "rougeL_recall_ci_hi": 0.5000059523809522, "max_rouge1": 1.0, "mean_rouge1": 0.3813004284689643, "rouge1_ci_lo": 0.3097454068034067, "rouge1_ci_hi": 0.4569518807433453, "max_rouge1_recall": 1.0, "mean_rouge1_recall": 0.4230000000000001, "rouge1_recall_ci_lo": 0.34258809523809525, "rouge1_recall_ci_hi": 0.505597619047619}