{"max_rougeL": 1.0, "mean_rougeL": 0.19870100161276633, "rougeL_ci_lo": 0.1411558080808081, "rougeL_ci_hi": 0.26016623164417274, "max_rougeL_recall": 1.0, "mean_rougeL_recall": 0.2060833333333333, "rougeL_recall_ci_lo": 0.1471625, "rougeL_recall_ci_hi": 0.2685874999999999, "max_rouge1": 1.0, "mean_rouge1": 0.19870100161276633, "rouge1_ci_lo": 0.1414219314998727, "rouge1_ci_hi": 0.2599542568542568, "max_rouge1_recall": 1.0, "mean_rouge1_recall": 0.2060833333333333, "rouge1_recall_ci_lo": 0.14716250000000003, "rouge1_recall_ci_hi": 0.2687583333333332}