{"max_rougeL": 1.0, "mean_rougeL": 0.3511861733274776, "rougeL_ci_lo": 0.2935312934850978, "rougeL_ci_hi": 0.40829036006264263, "max_rougeL_recall": 1.0, "mean_rougeL_recall": 0.4155823591613065, "rougeL_recall_ci_lo": 0.34617392578182055, "rougeL_recall_ci_hi": 0.487529143079143, "max_rouge1": 1.0, "mean_rouge1": 0.3573079681992725, "rouge1_ci_lo": 0.2991946339288731, "rouge1_ci_hi": 0.4155510807228198, "max_rouge1_recall": 1.0, "mean_rouge1_recall": 0.42227534161744684, "rouge1_recall_ci_lo": 0.3535912090833144, "rouge1_recall_ci_hi": 0.4952621134713239}